Time [s],C1,C2,C3,C4,C5,C6,C7,C8,C9,C10,C11,C12
0,28951,26960,14875,14005,6879,6024,3960,3094,2574,1701,596,207
5,28949,26677,14783,14068,6789,6064,3972,3030,2619,1700,631,208
10,29118,26676,14702,14072,6850,6196,3956,3074,2499,1698,616,198
15,28861,26671,14807,14098,6877,6114,3978,3044,2558,1680,594,212
20,29204,26358,14797,13923,6841,5974,3858,2941,2559,1614,609,194
25,29355,26616,14885,14134,6899,6007,3963,2805,2530,1697,625,173
30,28768,26415,14814,14194,6626,6126,3885,2892,2521,1677,550,208
35,28827,26585,14694,14004,6799,6054,3856,2794,2548,1634,550,189
40,28891,26331,14770,14005,6778,6048,3931,2825,2624,1638,551,210
45,28649,26357,14897,14178,6757,6033,3967,2815,2496,1652,553,202
50,28729,26479,14716,13981,6782,6097,3780,2813,2473,1622,527,208
55,29074,26492,14537,13941,6816,6071,3919,2820,2539,1609,548,190
60,28999,26359,14459,13944,6712,6199,3870,2708,2505,1663,564,200
65,28853,26678,14548,14058,6748,5981,3887,2833,2480,1625,525,205
70,28919,26341,14738,13956,6802,5900,3944,2808,2432,1612,542,187
75,28888,26157,14784,13951,6680,6015,3843,2752,2563,1604,512,201
80,28640,26196,14589,13894,6804,5964,3849,2740,2519,1623,508,186
85,28938,26457,14591,13906,6669,6135,3796,2768,2480,1567,541,167
90,28967,26331,14517,13949,6653,5904,3925,2734,2449,1520,535,202
95,28970,26331,14479,13890,6742,5988,3847,2744,2514,1588,521,189
100,28836,26530,14593,13972,6554,6026,3782,2682,2441,1571,507,192
105,28556,26214,14657,14013,6691,6049,3800,2724,2493,1538,513,211
110,28476,26189,14517,13948,6665,6079,3788,2721,2418,1539,503,174
115,28934,26196,14485,13875,6667,5940,3813,2670,2507,1584,495,189
120,28584,26091,14605,13913,6546,5944,3843,2714,2437,1500,524,178
125,28297,26273,14446,13679,6678,6010,3866,2691,2438,1549,495,179
130,28835,26235,14434,13864,6567,5928,3757,2681,2479,1513,485,187
135,28664,26332,14496,13731,6514,6059,3731,2683,2385,1538,503,211
140,28517,25882,14470,13827,6515,5966,3706,2631,2432,1511,507,194
145,28576,25900,14538,13615,6455,5894,3815,2559,2374,1540,493,190
150,28219,26190,14442,13854,6509,5861,3718,2626,2374,1506,477,160
155,28571,26108,14635,13736,6622,5996,3732,2616,2435,1481,504,180
160,28482,26170,14620,13630,6462,5857,3745,2621,2362,1509,471,185
165,28662,26273,14218,13876,6552,6008,3735,2620,2402,1479,456,189
170,28297,26329,14404,13852,6589,5942,3809,2667,2396,1507,497,167
175,28594,26062,14343,13610,6708,5858,3720,2616,2395,1478,462,187
180,28306,26192,14376,13760,6450,5783,3662,2666,2405,1512,506,167
185,28585,26136,14534,13678,6565,5835,3743,2593,2323,1423,501,173
190,28249,26205,14424,13870,6523,5856,3650,2586,2340,1451,456,172
195,28277,25855,14295,13889,6410,5799,3664,2607,2348,1412,473,175
200,28198,25936,14277,13825,6351,5809,3663,2566,2398,1508,453,192
205,28376,25925,14361,13518,6506,5717,3627,2554,2324,1459,467,162
210,28176,25943,14039,13614,6474,5737,3758,2569,2366,1468,500,188
215,28196,25827,14145,13477,6444,5719,3716,2563,2290,1381,473,169
220,28261,26148,14403,13489,6481,5862,3621,2586,2378,1480,476,204
225,27995,25794,14269,13742,6540,5751,3605,2542,2309,1416,475,177
230,28662,26000,14296,13454,6389,5762,3686,2529,2302,1429,482,190
235,28299,25888,14283,13626,6351,5764,3546,2475,2276,1379,467,166
240,28187,26219,14252,13516,6269,5683,3650,2461,2291,1451,473,184
245,28341,26059,14272,13398,6382,5713,3620,2552,2259,1416,463,172
250,28253,25687,13883,13575,6293,5571,3550,2509,2260,1427,433,162
255,27994,25658,14072,13416,6357,5569,3572,2507,2294,1474,468,178
260,28083,25617,14052,13427,6268,5615,3581,2502,2306,1424,472,193
265,27715,25853,14207,13544,6459,5546,3585,2463,2357,1420,458,168
270,27751,25708,14243,13466,6454,5629,3675,2454,2244,1378,439,175
275,27700,25489,13861,13323,6438,5600,3594,2462,2267,1398,440,173
280,28218,25890,14178,13315,6382,5635,3602,2441,2272,1390,449,189
285,28136,25575,14211,13179,6373,5540,3560,2494,2259,1423,469,164
290,28147,25840,14064,13299,6283,5614,3569,2515,2281,1387,436,163
295,27474,25260,13954,13138,6239,5550,3505,2461,2252,1380,476,165
300,27786,25718,14024,13335,6284,5578,3465,2501,2199,1360,428,169
305,27929,25263,13992,13398,6255,5469,3580,2437,2225,1374,465,164
310,28164,25361,13843,13431,6300,5484,3534,2469,2203,1322,436,163
315,28179,25520,14031,13331,6100,5485,3445,2459,2208,1356,420,188
320,27870,25349,13859,13051,6135,5365,3549,2438,2243,1380,427,186
325,27895,25375,13681,13251,6282,5627,3518,2436,2205,1337,434,165
330,27936,25494,13820,13084,6173,5524,3576,2404,2247,1345,434,148
335,27631,25329,13880,13222,6164,5374,3460,2547,2195,1387,424,172
340,27547,25417,13922,13177,6030,5423,3418,2407,2229,1354,439,179
345,27681,25153,13829,13200,6218,5468,3452,2386,2213,1271,447,160
350,27637,25175,13749,13190,6130,5395,3472,2382,2183,1330,426,166
355,27803,25014,13583,12941,6056,5450,3403,2403,2098,1365,448,160
360,27591,25103,13787,13126,6106,5339,3503,2381,2198,1330,429,169
365,27974,25109,13621,12956,6085,5407,3384,2450,2237,1332,406,166
370,27280,25076,13583,13214,6029,5381,3408,2379,2187,1290,413,157
375,27502,24845,13645,13019,6049,5296,3530,2321,2121,1347,432,164
380,27630,25105,13743,12974,6116,5288,3460,2406,2163,1318,430,186
385,27503,25048,13749,13117,6146,5286,3495,2331,2175,1322,436,169
390,27782,24844,13593,13078,6078,5316,3368,2317,2131,1274,434,173
395,27525,25028,13453,13011,6113,5351,3405,2322,2140,1277,440,165
400,27412,25184,13641,13112,5973,5305,3471,2296,2141,1287,434,156
405,27614,24733,13469,12959,5900,5264,3338,2367,2093,1274,450,172
410,27333,24998,13563,13008,6065,5284,3398,2313,2163,1277,448,153
415,27542,24975,13585,13003,5948,5311,3333,2351,2140,1307,423,160
420,27057,24854,13574,12922,6022,5211,3410,2305,2109,1282,427,175
425,27653,24890,13512,13022,5974,5334,3341,2277,2062,1319,387,165
430,27397,24504,13460,12936,5905,5093,3266,2341,2127,1261,422,171
435,27718,24915,13482,13065,5881,5171,3310,2257,2092,1296,427,175
440,27353,24875,13579,12734,5898,5210,3299,2299,2058,1221,393,164
445,27288,24591,13488,12815,5942,5310,3388,2280,2088,1308,401,150
450,27322,24821,13581,12896,5943,5119,3369,2246,2078,1307,428,166
455,27060,24702,13637,12902,5887,5178,3332,2284,2085,1284,390,149
460,26944,24642,13530,12779,5865,5186,3210,2261,2082,1284,390,153
465,27037,24590,13319,12859,5816,5150,3252,2218,2031,1281,417,157
470,27205,24562,13542,12703,5834,5150,3207,2219,2063,1226,418,161
475,26990,24320,13252,12811,5873,5073,3329,2265,2062,1250,418,159
480,27599,24461,13333,12573,5945,5141,3309,2232,2005,1239,417,173
485,26796,24505,13365,12843,5828,5175,3209,2266,2054,1270,401,156
490,27225,24223,13195,12848,5797,5123,3310,2224,2062,1297,400,163
495,27156,24277,13284,12676,5825,5216,3245,2235,2047,1213,386,154
500,27221,24128,13342,12691,5784,5172,3211,2255,2004,1226,394,156
505,27109,24380,13220,12606,5867,5096,3230,2288,2068,1228,378,162
510,27185,24274,13225,12569,5791,5086,3239,2226,1997,1249,428,152
515,27188,24161,13146,12666,5823,5079,3245,2198,2027,1226,395,169
520,26949,24150,13211,12649,5859,5128,3328,2175,2058,1203,363,161
525,26741,24237,13230,12615,5847,5116,3286,2187,2046,1218,399,157
530,26859,24067,13206,12437,5774,5036,3242,2239,1986,1233,380,169
535,26865,24331,13226,12604,5749,5112,3246,2240,2027,1234,402,157
540,27174,24209,13167,12620,5706,4928,3248,2179,2036,1193,410,158
545,26964,24228,13126,12465,5709,5072,3193,2174,1951,1214,400,148
550,26766,24020,13189,12715,5603,4968,3245,2252,1979,1213,393,164
555,26868,23939,13111,12572,5777,4973,3187,2154,2018,1196,393,177
560,27172,24091,13174,12428,5716,5076,3190,2229,1984,1166,410,150
565,26878,23850,13098,12614,5719,4983,3277,2197,1968,1188,390,177
570,26812,24158,13263,12583,5718,4954,3223,2154,1952,1172,385,148
575,26908,24033,13285,12424,5672,5021,3228,2156,1966,1165,408,165
580,26751,23917,13192,12414,5746,5103,3202,2169,1950,1135,393,167
585,26824,24032,13142,12283,5584,4870,3184,2172,1952,1193,400,159
590,27051,24094,13119,12468,5679,4884,3204,2157,1961,1234,389,168
595,26822,23919,13187,12267,5751,5074,3165,2202,1923,1192,400,157
600,26541,24158,13175,12454,5600,4968,3133,2209,1934,1203,427,157
605,26865,23927,12906,12278,5669,4902,3175,2237,1960,1208,392,160
610,26697,23815,13126,12358,5609,4948,3195,2149,2007,1167,405,163
615,26399,23869,12870,12439,5682,4917,3177,2161,1870,1188,389,166
620,26450,23676,12908,12499,5661,4960,3121,2101,1960,1196,385,167
625,26562,23923,12975,12415,5673,4892,3185,2121,1983,1157,361,162
630,26461,24039,12986,12450,5502,4871,3127,2174,1977,1195,365,167
635,26580,23731,12863,12375,5544,4909,3126,2168,1873,1146,380,151
640,26393,23633,12956,12334,5528,4892,3154,2137,1918,1165,383,134
645,26726,24019,13032,12228,5604,4863,3125,2167,1928,1161,358,149
650,26563,23932,12953,12489,5618,4821,3080,2119,1921,1128,395,158
655,26551,23845,12929,12327,5562,4864,3092,2124,1912,1205,365,155
660,26492,23873,12851,12234,5618,4831,3158,2121,1945,1092,339,151
665,26795,23853,12967,12229,5498,4912,3151,2059,1925,1177,376,154
670,26667,23540,12918,12236,5575,4889,3098,2109,1952,1159,371,161
675,26439,23422,12914,12362,5712,4766,3108,2099,1930,1197,373,154
680,26473,23723,12858,12247,5564,4853,3101,2109,1915,1136,411,172
685,26224,23869,12819,12164,5451,4874,3097,2030,1908,1135,359,160
690,26294,23534,12766,12094,5517,4774,3060,2143,1893,1193,405,153
695,26449,23526,12957,12100,5599,4780,3064,2097,1868,1179,411,168
700,26428,23597,12748,12267,5349,4861,3070,2051,1901,1197,363,134
705,26212,23475,12685,11836,5575,4773,3174,2129,1871,1179,392,173
710,26330,23713,12626,12020,5494,4751,3054,2126,1874,1162,369,157
715,26187,23577,12750,12189,5524,4824,3034,2091,1873,1097,394,149
720,26520,23767,12716,12195,5462,4603,3067,2091,1945,1129,378,176
725,26229,23432,12603,12156,5502,4758,3077,2053,1876,1135,375,151
730,26057,23549,12810,12015,5468,4682,3067,2106,1858,1152,379,146
735,26240,23265,12683,12082,5470,4801,3047,2069,1877,1181,391,156
740,26130,23556,12790,12025,5531,4630,3024,2127,1881,1129,361,140
745,26068,23531,12636,11987,5399,4696,3087,2048,1875,1172,401,159
750,26374,23397,12477,12175,5419,4667,3042,2053,1862,1115,384,161
755,26185,23407,12526,11963,5367,4698,2979,1979,1904,1145,393,179
760,26014,23289,12734,12182,5470,4679,3045,2039,1860,1127,353,171
765,26298,23544,12665,12072,5420,4686,3086,2012,1877,1115,374,174
770,26192,23377,12628,12136,5400,4698,2995,1998,1796,1128,367,159
775,26127,23305,12712,12106,5455,4662,3061,2025,1835,1133,361,153
780,25944,23313,12640,12113,5386,4692,3048,2100,1857,1081,391,146
785,26273,23282,12705,12153,5241,4704,3019,2012,1820,1108,372,165
790,26162,22961,12366,11919,5408,4549,2984,2012,1862,1118,376,165
795,26254,23298,12511,11883,5374,4681,2978,2040,1829,1089,354,178
800,26152,23307,12313,12080,5435,4665,2954,2000,1853,1097,371,159
805,25846,23244,12528,11871,5373,4717,3026,1975,1862,1121,371,166
810,25978,23113,12503,11856,5415,4607,2976,2012,1800,1162,371,161
815,26001,23273,12584,11757,5363,4640,2947,2085,1861,1041,364,150
820,25563,23211,12407,11812,5363,4563,2872,1995,1818,1098,354,145
825,25921,23134,12618,11937,5340,4627,2920,2005,1837,1149,370,161
830,25947,22878,12506,11994,5331,4577,2976,2017,1810,1073,378,142
835,25936,23093,12664,12179,5268,4632,2956,2058,1802,1095,383,149
840,25692,22790,12288,11811,5278,4722,2863,1962,1803,1095,381,162
845,25761,23361,12306,11731,5300,4538,2954,1947,1789,1136,348,135
850,25990,22931,12537,11903,5274,4592,2862,1924,1821,1136,339,153
855,25697,22882,12409,11746,5316,4588,2978,1988,1860,1138,360,173
860,26156,22856,12537,11913,5323,4559,2980,1984,1827,1114,373,137
865,25721,23197,12414,11934,5319,4576,3020,1974,1829,1082,394,156
870,25616,22947,12516,11618,5322,4589,2996,2001,1841,1129,358,189
875,25480,22669,12465,11734,5389,4576,2865,1972,1788,1105,357,128
880,26009,22839,12185,11852,5317,4539,2883,2016,1840,1123,343,171
885,25868,22685,12153,11783,5303,4431,2948,1966,1815,1091,361,157
890,25878,22745,12467,11537,5285,4552,2912,1991,1851,1036,366,164
895,25441,23009,12265,11855,5213,4469,2878,1898,1774,1106,372,155
900,25931,23196,12336,11649,5207,4505,2874,1920,1791,1045,334,160
905,25434,22762,12292,11737,5173,4476,2884,2004,1752,1107,367,153
910,25813,22926,12320,11765,5244,4496,2905,1989,1781,1063,356,168
915,25833,22892,12270,11734,5230,4528,2909,1937,1809,1122,350,187
920,25760,22785,12230,11717,5227,4504,2938,1950,1828,1047,377,159
925,25661,22962,12297,11634,5059,4499,2895,1971,1818,1081,369,144
930,25664,23027,12394,11557,5181,4445,2857,1988,1873,1066,364,173
935,25509,22869,12360,11542,5244,4585,2853,1983,1708,1118,365,161
940,25428,22807,12370,11490,5211,4494,2861,1964,1783,1070,371,157
945,25409,22769,12326,11406,5102,4502,2925,1989,1753,1056,339,154
950,25591,22607,12236,11543,5135,4572,2904,2038,1742,1062,374,149
955,25842,22694,12341,11505,5158,4482,2832,1931,1737,1046,356,165
960,25333,22622,12131,11648,5256,4457,2875,1964,1783,1067,346,150
965,25588,22719,12082,11411,5195,4445,2839,1926,1784,1062,372,152
970,25545,22561,12254,11410,5103,4526,2865,1991,1702,1082,355,146
975,25582,22919,12290,11542,5071,4424,2892,1931,1720,1086,381,154
980,25609,22778,12239,11544,5130,4489,2868,1921,1712,1105,362,158
985,25139,22819,12238,11613,5075,4485,2809,1944,1764,1073,349,156
990,25585,22600,12416,11434,5210,4454,2780,1927,1689,1102,372,179
995,25353,22576,12100,11384,5175,4392,2852,1940,1781,1113,358,153
1000,25444,22735,12289,11382,5099,4391,2906,1899,1767,1072,358,143
1005,25128,22639,12165,11499,5086,4457,2821,1910,1778,1094,371,163
1010,24908,22672,12174,11598,5125,4439,2806,1902,1745,1056,362,139
1015,25459,22670,12237,11365,5189,4423,2789,1930,1710,1044,366,153
1020,25397,22662,12131,11396,5063,4354,2784,1889,1775,1058,380,158
1025,25479,22468,11982,11391,5025,4386,2864,1933,1782,1062,373,153
1030,25378,22457,12011,11484,5000,4456,2912,1951,1730,1076,366,170
1035,25445,22555,12070,11520,5017,4468,2844,1918,1755,1058,370,148
1040,25172,22349,12006,11546,5119,4296,2766,1908,1723,1037,352,149
1045,25111,22254,12023,11486,5064,4314,2814,1887,1724,1075,351,144
1050,24909,22304,12065,11476,5055,4320,2930,1947,1728,1051,381,144
1055,25349,22293,11864,11329,5106,4333,2895,1930,1748,1056,335,156
1060,24984,22657,11932,11209,5003,4326,2798,1915,1702,1066,370,160
1065,25470,22213,11965,11464,5028,4372,2846,1920,1719,1052,356,164
1070,25027,22482,11991,11148,5066,4355,2740,1917,1735,1057,352,157
1075,25109,22362,12171,11317,4993,4424,2800,1895,1685,1041,335,129
1080,25089,22514,11986,11343,4996,4305,2804,1923,1705,1093,357,140
1085,25091,22390,12136,11413,5060,4331,2809,1911,1713,1041,335,145
1090,25397,22133,11903,11394,5076,4365,2812,1920,1733,1034,371,157
1095,25239,22495,11969,11168,5103,4345,2787,1940,1723,1024,359,149
1100,25131,22437,11909,11197,4990,4282,2807,1941,1686,1085,339,162
1105,25044,22210,11955,11245,5195,4328,2790,1971,1771,1053,348,153
1110,25277,22315,11770,11231,5072,4275,2754,1903,1677,1053,361,140
1115,24836,22095,11855,11190,4982,4363,2831,1901,1745,1086,367,145
1120,25062,22156,11815,11199,4949,4294,2799,1857,1709,1019,366,156
1125,24986,22239,11761,11369,5009,4306,2861,1892,1670,1030,365,133
1130,24836,22259,11782,11164,4991,4362,2795,1956,1743,1064,342,150
1135,25287,22339,11906,11165,5005,4257,2829,1854,1669,1059,362,153
1140,25069,22170,11928,11318,5055,4363,2778,1841,1683,1056,346,149
1145,25117,22463,11917,11295,4942,4277,2776,1838,1755,1045,355,146
1150,24973,22281,11809,11295,4968,4298,2714,1853,1697,1035,325,135
1155,24847,21963,11852,11249,5050,4313,2735,1885,1672,1080,354,174
1160,24964,22056,11761,11194,5092,4270,2665,1923,1663,1077,358,145
1165,24951,22306,11844,11255,4962,4260,2771,1920,1687,1075,365,132
1170,24812,22226,11803,11167,4966,4244,2702,1922,1716,1029,360,147
1175,25072,22249,11894,11099,4989,4264,2731,1835,1750,1009,361,150
1180,25118,22314,11741,11238,4912,4244,2817,1832,1709,996,351,154
1185,24753,22117,11885,11024,5003,4269,2735,1882,1663,1062,348,145
1190,24579,22231,11950,11053,4970,4222,2705,1868,1700,998,357,145
1195,25189,21913,11786,11231,4958,4237,2791,1875,1739,1026,341,123
1200,25094,22059,11870,11107,5025,4239,2683,1899,1682,1048,363,148
1205,24772,22147,11836,11092,4984,4235,2735,1889,1610,1031,366,160
1210,24946,22319,11663,11159,4904,4230,2771,1900,1672,1056,371,159
1215,24722,21946,11821,11187,4846,4322,2755,1859,1625,1049,345,143
1220,24887,21916,11677,10985,5009,4261,2722,1893,1665,1028,332,169
1225,24718,21819,11800,11111,5079,4282,2697,1876,1686,1061,350,142
1230,24658,22117,11936,11117,5002,4242,2707,1863,1683,1031,356,152
1235,24879,21794,11811,11007,5008,4296,2746,1907,1719,1039,362,157
1240,24878,22081,11750,11211,4900,4298,2739,1830,1651,1007,353,135
1245,24392,21872,11652,11190,4993,4234,2695,1818,1732,1009,330,162
1250,25010,22208,11670,10987,4984,4203,2665,1806,1671,1018,364,146
1255,24805,21852,11706,10807,4906,4177,2749,1855,1647,1043,361,160
1260,24717,21935,11686,10929,4880,4153,2667,1823,1686,1073,320,150
1265,24647,21905,11602,11136,4915,4231,2703,1876,1646,1025,343,152
1270,24404,22010,11646,10929,4884,4209,2713,1871,1666,1061,359,139
1275,24736,21938,11716,11037,4845,4283,2684,1826,1618,1070,330,175
1280,24599,21838,11764,10845,4845,4122,2703,1914,1683,1021,360,151
1285,24573,21897,11687,10984,4831,4197,2719,1858,1644,1026,366,152
1290,24663,22170,11588,10780,4933,4197,2692,1818,1626,1009,388,147
1295,24723,21990,11801,10875,4854,4195,2701,1940,1659,1013,332,168
1300,24623,21759,11565,10809,4882,4047,2695,1793,1659,1007,340,159
1305,24410,21946,11640,10896,4845,4227,2659,1843,1665,1045,339,148
1310,24581,21748,11466,10898,4861,4232,2687,1872,1629,1036,344,149
1315,24326,21694,11627,10925,4945,4144,2716,1825,1729,1056,360,139
1320,24537,21929,11519,10836,4892,4186,2681,1808,1667,1026,385,159
1325,24514,21689,11653,10864,4889,4161,2738,1833,1643,1008,352,152
1330,24582,21838,11491,10792,4794,4090,2717,1842,1671,1045,344,138
1335,24819,21592,11608,10835,4828,4149,2718,1822,1606,994,350,139
1340,24375,21664,11541,10661,4830,4160,2682,1802,1635,1074,355,129
1345,24457,21871,11545,10771,4888,4132,2631,1800,1599,1024,351,144
1350,24553,21852,11475,10850,4770,4149,2614,1858,1635,1064,346,145
1355,24678,21807,11581,10775,4806,4191,2635,1874,1669,1053,328,143
1360,24176,22110,11562,10779,4813,4184,2665,1856,1658,1005,367,148
1365,24250,21519,11448,10850,4825,4209,2700,1778,1664,1031,327,157
1370,24488,21916,11436,10707,4861,4150,2687,1790,1625,1022,341,146
1375,24197,21850,11744,10683,4788,4165,2610,1810,1569,1019,321,147
1380,24510,21777,11434,10669,4914,4217,2679,1776,1693,1033,344,157
1385,24192,21721,11531,10868,4725,4122,2624,1821,1635,1020,369,144
1390,24514,21616,11585,10877,4801,4088,2681,1827,1612,1047,346,138
1395,24307,21524,11486,10877,4911,4200,2712,1829,1636,1012,354,147
1400,24055,21705,11540,10787,4800,4113,2605,1813,1619,1038,347,149
1405,24578,21564,11431,10691,4811,4109,2599,1839,1600,1042,372,162
1410,24211,21562,11530,10756,4844,4079,2672,1799,1600,1023,340,157
1415,24462,21584,11406,10837,4775,4052,2656,1788,1608,1039,356,155
1420,24172,21620,11417,10624,4800,4091,2658,1807,1586,1016,333,157
1425,24361,21570,11449,10833,4772,4171,2598,1772,1635,1017,329,142
1430,24584,21893,11446,10599,4695,4094,2683,1818,1623,1035,351,143
1435,24080,21639,11511,10643,4815,4060,2639,1741,1508,1004,332,162
1440,24197,21471,11425,10637,4813,4159,2698,1819,1642,1024,347,135
1445,24125,21500,11547,10783,4765,4058,2625,1743,1611,1027,343,157
1450,24313,21382,11348,10591,4758,4096,2649,1805,1598,1025,355,159
1455,24233,21337,11334,10780,4786,4091,2624,1792,1650,1022,358,154
1460,24074,21572,11229,10612,4787,4113,2683,1768,1640,1020,360,146
1465,24223,21440,11471,10689,4638,4106,2537,1826,1591,1026,345,159
1470,24221,21344,11244,10638,4742,4123,2655,1782,1606,1039,367,154
1475,23894,21379,11309,10700,4821,4111,2589,1794,1632,994,377,145
1480,24070,21465,11330,10491,4731,3985,2600,1809,1599,1023,372,132
1485,24161,21384,11311,10585,4839,4146,2648,1842,1608,1037,388,137
1490,24103,21717,11361,10517,4817,4182,2630,1740,1647,1006,330,141
1495,24067,21367,11391,10622,4762,4109,2647,1762,1636,1011,320,152
1500,24173,21407,11329,10595,4744,4079,2601,1806,1604,974,345,151
1505,24064,21369,11449,10623,4703,3978,2614,1801,1643,1014,341,171
1510,24060,21380,11383,10502,4766,4078,2590,1821,1600,1016,368,153
1515,24042,21696,11209,10714,4608,4072,2620,1789,1629,1006,342,141
1520,23866,21372,11414,10517,4745,4069,2591,1795,1562,1008,347,150
1525,24208,21499,11264,10605,4744,4074,2536,1777,1609,1013,338,145
1530,23926,21330,11249,10579,4788,4093,2610,1765,1571,988,349,150
1535,24079,21427,11340,10663,4717,4110,2643,1768,1611,1038,333,126
1540,24095,21499,11242,10481,4696,4125,2582,1825,1584,996,350,143
1545,23943,21417,11365,10682,4711,4035,2574,1820,1550,1024,326,144
1550,23757,21233,11271,10533,4705,4039,2550,1800,1610,1029,367,157
1555,24323,21619,11233,10511,4712,4144,2601,1797,1524,1038,364,144
1560,23970,21346,11308,10514,4596,3998,2603,1798,1600,1002,325,126
1565,23859,21605,11276,10562,4617,4102,2607,1779,1599,994,342,146
1570,24039,21351,11173,10592,4691,4056,2591,1768,1628,1038,333,134
1575,23897,20965,10985,10632,4649,4014,2644,1830,1639,987,331,150
1580,24098,21162,11196,10602,4662,4059,2555,1746,1556,1012,330,158
1585,23764,21055,11087,10370,4670,4042,2540,1813,1559,1019,337,138
1590,23883,21041,11321,10373,4711,4078,2591,1807,1567,1000,353,125
1595,23661,21032,11108,10519,4738,4039,2576,1774,1583,987,342,154
1600,23766,21223,11098,10518,4732,4038,2608,1807,1587,999,337,145
1605,24089,21523,11136,10401,4637,4017,2593,1761,1560,989,323,151
1610,24163,21245,11100,10555,4699,4023,2650,1815,1604,990,357,142
1615,23792,21243,11164,10536,4803,4022,2611,1803,1621,1024,337,156
1620,23666,20923,11281,10506,4589,3973,2556,1743,1580,980,341,145
1625,23632,21161,11166,10469,4715,4024,2579,1754,1630,1046,356,145
1630,23776,21196,11239,10454,4718,4018,2619,1771,1588,1022,342,125
1635,23450,21220,11256,10548,4626,3925,2528,1735,1582,1003,327,133
1640,23805,21195,11461,10315,4696,4035,2624,1824,1600,993,365,147
1645,23668,21367,11105,10365,4709,3997,2544,1761,1602,979,346,157
1650,23856,21089,11245,10537,4682,3933,2612,1751,1608,1020,355,143
1655,23886,21336,11064,10440,4671,4059,2601,1823,1598,1009,350,138
1660,23759,21067,11030,10483,4670,3974,2585,1778,1587,1002,344,145
1665,23626,21206,11136,10336,4636,3997,2632,1743,1581,1036,352,156
1670,23765,20848,11267,10525,4759,4039,2557,1764,1586,996,346,131
1675,23568,21350,11049,10348,4615,3981,2518,1755,1577,978,344,151
1680,23463,21047,11062,10267,4647,3965,2524,1747,1604,960,318,141
1685,23826,20956,11187,10229,4678,4078,2527,1773,1564,1019,344,145
1690,23358,21222,11048,10628,4535,3970,2523,1773,1556,1038,329,137
1695,23683,20848,11281,10269,4597,4006,2552,1797,1591,994,343,155
1700,23249,21004,10996,10410,4585,3879,2591,1769,1551,1019,345,152
1705,23701,21068,11067,10290,4527,3972,2510,1719,1601,962,350,143
1710,23493,21036,10953,10308,4654,3983,2564,1752,1527,1022,341,131
1715,23673,21005,11174,10265,4647,3994,2502,1702,1572,950,335,157
1720,23804,21065,11121,10233,4624,3965,2542,1752,1574,969,336,138
1725,23897,21019,11011,10258,4660,4028,2595,1717,1568,1040,344,149
1730,23631,20953,11080,10316,4671,4020,2524,1757,1593,1011,317,156
1735,23485,20941,11198,10450,4603,3974,2536,1746,1546,996,351,164
1740,23564,20962,11072,10390,4519,3971,2559,1789,1564,974,324,149
1745,23608,20863,11061,10421,4608,3925,2516,1739,1587,990,334,159
1750,23531,20864,11055,10368,4637,4015,2560,1707,1545,983,352,151
1755,23420,21003,11004,10327,4667,3975,2523,1726,1551,966,348,154
1760,23579,20973,11168,10105,4547,3949,2579,1752,1568,1048,343,140
1765,23568,20861,10945,10272,4583,4003,2505,1697,1596,989,337,149
1770,23725,20792,10959,10165,4610,3950,2555,1768,1568,970,343,136
1775,23360,20937,11013,10308,4558,4058,2567,1734,1527,996,361,158
1780,23250,20812,11157,10325,4595,3928,2507,1732,1566,962,354,143
1785,23624,20830,10926,10341,4536,3982,2459,1757,1585,963,340,149
1790,23360,20688,10989,10494,4619,3952,2528,1767,1570,1002,333,141
1795,23426,20733,11062,10272,4579,4045,2574,1730,1558,1006,343,156
1800,23564,20900,10916,10239,4525,3980,2557,1780,1548,989,324,156
1805,23532,20815,10909,10262,4710,3938,2490,1759,1575,981,325,143
1810,23407,20544,11113,10179,4567,3940,2568,1734,1530,976,335,152
1815,23520,21004,11004,10355,4633,3952,2537,1689,1569,1013,305,157
1820,23425,20800,10886,10204,4503,4000,2543,1734,1560,1019,357,159
1825,23459,20799,10994,10289,4572,3936,2463,1677,1542,993,356,154
1830,23284,20694,10996,10128,4600,3941,2534,1743,1518,1013,372,134
1835,23733,20822,11157,10222,4624,3873,2517,1742,1496,1030,328,164
1840,23339,20978,10931,10235,4664,3941,2544,1749,1558,1014,358,138
1845,23576,20662,11065,10166,4571,3906,2525,1756,1556,973,328,148
1850,23171,20808,10913,10070,4555,3947,2473,1733,1563,996,354,147
1855,23346,20975,10806,10350,4566,3893,2486,1784,1517,984,356,146
1860,23256,20843,10931,10110,4512,3907,2492,1764,1535,1002,344,151
1865,23384,20660,10779,10163,4600,3961,2484,1744,1591,1009,342,144
1870,23319,20573,10907,10053,4490,3911,2525,1707,1564,955,348,144
1875,23091,20614,10837,10180,4493,3905,2464,1717,1563,1000,334,153
1880,23244,20566,10838,10165,4626,3866,2463,1754,1603,954,338,144
1885,23477,20839,10854,10217,4521,3967,2417,1773,1563,1046,319,169
1890,23191,20635,10849,10191,4462,3877,2488,1714,1549,992,353,139
1895,23417,20669,10658,10158,4510,3934,2504,1749,1587,972,336,139
1900,23409,20880,10868,10209,4540,3939,2512,1750,1522,955,331,147
1905,23265,20800,11070,10094,4503,3851,2521,1744,1573,1014,307,141
1910,23150,20735,10935,10030,4569,3858,2445,1725,1526,949,345,137
1915,23387,20510,10977,10016,4535,3869,2453,1681,1518,995,330,144
1920,23226,20670,10779,10140,4541,3997,2507,1772,1527,980,321,145
1925,23350,20750,10615,10135,4483,3892,2495,1700,1539,970,345,148
1930,23205,20502,10731,10239,4617,3923,2488,1710,1543,972,327,149
1935,23371,20974,10731,10142,4442,3955,2440,1739,1507,970,332,135
1940,23080,20725,10713,10093,4493,3873,2438,1734,1469,976,346,144
1945,23203,20656,10907,10003,4489,3926,2502,1658,1554,1010,350,141
1950,23015,20723,10792,10102,4502,3952,2492,1743,1514,982,342,169
1955,23400,20508,10954,10078,4509,3868,2513,1691,1527,993,314,149
1960,23133,20723,10803,10127,4508,3860,2557,1731,1513,964,330,151
1965,23011,20515,10767,10076,4511,3956,2443,1790,1544,987,349,151
1970,23215,20331,10735,10319,4472,3811,2447,1739,1533,991,326,139
1975,23192,20291,10766,10142,4500,3923,2472,1722,1529,934,340,153
1980,23214,20666,10803,10179,4439,3929,2492,1675,1547,976,357,155
1985,23151,20700,10680,10119,4457,3936,2543,1720,1567,989,350,144
1990,22841,20450,10932,9969,4536,3914,2449,1731,1591,988,310,150
1995,23339,20490,10756,10067,4535,3833,2415,1682,1544,984,339,148
2000,22903,20387,10729,10077,4449,3901,2465,1748,1546,1021,332,146
2005,22998,20651,10678,10100,4457,3926,2462,1738,1497,1010,316,134
2010,23094,20565,10684,10080,4463,3829,2456,1711,1556,964,310,150
2015,23015,20428,10880,10022,4413,3838,2436,1768,1605,997,325,128
2020,23215,20508,10889,10027,4493,3923,2425,1679,1492,1007,317,142
2025,23264,20391,10891,9932,4503,3855,2440,1776,1568,961,325,141
2030,22960,20560,10718,9867,4544,3876,2468,1690,1559,996,331,155
2035,22887,20281,10950,10025,4491,3834,2502,1741,1559,966,351,123
2040,22871,20536,10735,10152,4468,3850,2430,1725,1558,946,351,162
2045,23069,20617,10812,10017,4602,3929,2497,1698,1550,947,342,151
2050,22943,20370,10730,10032,4479,3909,2511,1752,1529,983,347,139
2055,22948,20255,10615,10072,4553,3849,2534,1734,1545,1018,336,135
2060,22891,20238,10645,10075,4489,3858,2468,1703,1558,967,325,166
2065,22771,20415,10634,10111,4598,3896,2433,1692,1489,985,353,125
2070,22954,20238,10690,10050,4480,3878,2445,1733,1471,971,360,144
2075,22874,20499,10698,9991,4500,3796,2456,1708,1575,990,326,138
2080,23071,20489,10724,9987,4560,3806,2374,1661,1543,977,345,151
2085,22678,20266,10784,9933,4484,3851,2472,1697,1545,954,312,144
2090,22848,20368,10700,9882,4506,3883,2491,1735,1540,1002,347,137
2095,22674,20340,10733,10090,4524,3799,2468,1713,1531,1001,322,145
2100,23014,20336,10686,10047,4448,3808,2445,1713,1488,966,340,156
2105,22795,20502,10566,10021,4544,3906,2480,1690,1551,906,326,143
2110,22761,20296,10661,10027,4538,3887,2463,1783,1525,966,321,154
2115,22816,20467,10562,9935,4445,3824,2436,1743,1547,965,331,129
2120,22772,20351,10609,9960,4404,3872,2473,1717,1514,955,324,147
2125,22732,20259,10780,9898,4527,3758,2401,1680,1544,972,324,147
2130,22870,20498,10635,9866,4321,3800,2423,1708,1555,1015,330,130
2135,22777,20245,10676,9885,4419,3904,2407,1747,1479,971,336,137
2140,22797,20239,10705,10136,4472,3847,2376,1700,1591,908,331,142
2145,22949,20203,10654,9812,4473,3825,2437,1735,1568,970,329,141
2150,22959,20220,10466,9941,4389,3817,2469,1747,1495,926,327,139
2155,22884,20311,10509,9934,4380,3875,2391,1707,1527,969,335,151
2160,22829,20192,10604,9877,4449,3773,2465,1758,1543,980,323,125
2165,22675,20083,10353,10022,4349,3831,2462,1682,1440,978,319,137
2170,22962,20042,10570,9909,4440,3879,2448,1728,1487,963,354,128
2175,22817,20160,10722,9810,4415,3718,2485,1621,1529,962,326,155
2180,22785,20169,10611,9990,4517,3835,2484,1689,1500,988,350,141
2185,22701,20218,10505,9858,4366,3824,2447,1696,1538,915,335,158
2190,22738,20036,10728,9965,4396,3820,2490,1698,1548,947,323,134
2195,22737,20154,10599,9818,4417,3844,2451,1699,1488,990,326,147
2200,22753,20370,10598,9803,4324,3849,2440,1714,1580,940,317,157
2205,22696,20370,10498,9969,4416,3854,2438,1707,1489,962,327,149
2210,22768,20033,10599,9799,4390,3822,2416,1734,1464,960,335,157
2215,22602,20297,10595,9871,4413,3856,2453,1710,1513,996,346,149
2220,22656,20310,10599,9861,4437,3779,2434,1699,1524,932,323,132
2225,22551,20092,10658,9755,4379,3753,2396,1690,1499,948,334,149
2230,22606,20178,10661,9813,4435,3761,2435,1711,1482,980,337,169
2235,22895,20281,10586,9836,4404,3828,2423,1671,1472,931,351,141
2240,22640,20152,10751,9768,4425,3822,2419,1692,1530,970,346,145
2245,22847,20174,10571,9867,4401,3839,2398,1725,1492,931,332,146
2250,22595,20184,10533,9849,4507,3868,2496,1706,1484,956,313,126
2255,22632,20248,10634,9867,4368,3767,2346,1674,1546,938,324,155
2260,22439,19864,10536,9811,4388,3725,2421,1738,1522,990,336,135
2265,22620,20268,10586,9851,4453,3907,2419,1763,1467,978,296,143
2270,22524,19967,10546,9861,4456,3743,2469,1663,1482,935,321,145
2275,22577,20127,10496,9893,4436,3806,2407,1659,1534,936,344,153
2280,22440,20142,10478,9930,4458,3859,2364,1682,1489,951,334,162
2285,22779,20423,10555,9755,4366,3776,2422,1642,1530,979,333,147
2290,22707,20135,10559,9748,4390,3795,2400,1725,1490,992,317,153
2295,22817,19957,10417,9801,4370,3846,2508,1661,1508,1017,319,155
2300,22881,19924,10327,9820,4468,3798,2474,1736,1456,962,346,126
2305,22471,19977,10430,9818,4414,3801,2445,1677,1486,989,365,136
2310,22700,20098,10417,9812,4376,3771,2431,1683,1497,989,321,140
2315,22532,20318,10512,9878,4310,3782,2476,1689,1528,979,341,155
2320,22356,19872,10447,9885,4349,3773,2356,1662,1475,960,347,148
2325,22297,20094,10392,9786,4456,3807,2411,1666,1454,992,336,145
2330,22637,19998,10389,9890,4492,3772,2422,1730,1474,942,346,149
2335,22454,19907,10402,9702,4383,3696,2392,1717,1469,942,343,136
2340,22315,20064,10361,9850,4415,3786,2440,1722,1505,979,341,156
2345,22637,19946,10393,9936,4430,3717,2399,1687,1545,929,342,136
2350,22476,20139,10471,9790,4420,3758,2435,1728,1501,961,343,142
2355,22574,19742,10362,9741,4394,3768,2414,1700,1498,921,335,148
2360,22529,19991,10373,9660,4388,3789,2427,1652,1510,1002,340,146
2365,22322,19853,10349,9684,4370,3726,2451,1690,1482,944,343,149
2370,22541,19887,10518,9759,4430,3749,2426,1704,1528,987,341,146
2375,22272,19908,10319,9834,4398,3823,2404,1747,1478,952,339,140
2380,22351,20111,10165,9869,4448,3719,2409,1716,1477,975,332,157
2385,22533,19780,10540,9869,4370,3743,2381,1692,1487,973,331,138
2390,22583,19927,10411,9561,4369,3786,2322,1652,1478,946,344,142
2395,22206,19777,10248,9669,4398,3765,2416,1745,1509,939,311,129
2400,22265,19968,10366,9617,4354,3861,2366,1696,1476,969,341,163
2405,22326,20009,10378,9907,4375,3810,2408,1625,1520,897,307,148
2410,22250,19832,10579,9689,4382,3842,2477,1656,1504,943,327,132
2415,22546,20005,10523,9741,4329,3808,2386,1693,1495,971,316,148
2420,22365,19993,10357,9608,4264,3711,2436,1676,1520,991,307,136
2425,22375,19691,10284,9518,4376,3688,2405,1702,1476,975,325,143
2430,22425,19813,10375,9707,4340,3739,2388,1631,1502,941,329,140
2435,22262,19819,10269,9570,4348,3807,2433,1646,1548,935,332,130
2440,22246,19917,10307,9620,4405,3701,2407,1616,1440,921,322,134
2445,22110,20085,10427,9758,4290,3759,2404,1720,1483,964,328,141
2450,22331,19688,10476,9785,4276,3821,2389,1753,1485,961,307,143
2455,22312,19850,10465,9703,4419,3634,2347,1636,1521,968,329,134
2460,22257,19800,10397,9809,4332,3747,2389,1718,1455,978,315,143
2465,22330,19799,10258,9703,4377,3819,2374,1634,1507,945,330,140
2470,22171,19802,10340,9667,4329,3789,2415,1654,1431,948,333,130
2475,22229,19913,10352,9866,4346,3640,2429,1649,1510,952,340,144
2480,22363,19570,10487,9594,4384,3775,2354,1694,1485,959,340,130
2485,22233,19712,10402,9754,4294,3758,2352,1701,1459,964,326,157
2490,22096,19572,10402,9565,4321,3701,2380,1668,1483,947,298,156
2495,22285,19701,10322,9510,4358,3767,2434,1630,1482,976,332,136
2500,22322,19990,10187,9665,4351,3830,2394,1697,1497,936,328,152
2505,22221,19811,10449,9641,4396,3861,2429,1652,1515,963,351,144
2510,22184,19494,10272,9620,4357,3808,2380,1652,1482,941,318,138
2515,22371,19631,10474,9551,4375,3759,2355,1660,1478,917,326,156
2520,21985,19672,10167,9600,4352,3747,2371,1657,1415,984,360,142
2525,22453,19621,10285,9738,4317,3802,2378,1690,1448,974,339,153
2530,22213,19583,10481,9527,4257,3770,2350,1620,1470,933,325,142
2535,22186,19632,10352,9682,4326,3833,2324,1695,1464,974,333,142
2540,22005,19699,10355,9575,4299,3707,2419,1722,1422,970,318,140
2545,22056,19728,10317,9728,4262,3790,2413,1679,1468,942,326,158
2550,22080,19632,10421,9656,4403,3769,2393,1755,1511,936,329,147
2555,22052,19711,10205,9596,4223,3737,2377,1665,1493,963,315,139
2560,22105,19664,10366,9694,4354,3795,2386,1670,1447,951,328,131
2565,21995,19899,10259,9459,4352,3724,2420,1713,1433,999,338,127
2570,22063,19655,10300,9603,4363,3715,2445,1654,1492,942,317,132
2575,22179,19744,10344,9587,4288,3719,2379,1699,1506,946,331,140
2580,21850,19688,10344,9539,4344,3686,2300,1705,1475,936,338,147
2585,22171,19676,10244,9545,4389,3758,2440,1688,1531,960,328,137
2590,21964,19552,10271,9604,4240,3691,2388,1678,1456,975,345,149
2595,22079,19601,10333,9558,4332,3783,2387,1673,1505,945,308,147
2600,22093,19611,10311,9587,4276,3710,2411,1656,1434,973,322,128
2605,22100,19650,10323,9645,4327,3703,2364,1685,1487,912,320,156
2610,22157,19560,10144,9508,4440,3713,2362,1651,1370,915,328,130
2615,22194,19941,10138,9414,4270,3699,2352,1631,1502,959,319,133
2620,21995,19589,10271,9662,4286,3690,2331,1666,1486,971,326,144
2625,22102,19431,10321,9478,4251,3761,2348,1708,1493,958,333,134
2630,22052,19878,10276,9512,4270,3751,2370,1644,1478,957,328,142
2635,21921,19485,10265,9615,4285,3683,2402,1613,1487,938,329,145
2640,21971,19541,10234,9630,4302,3690,2379,1662,1483,924,348,124
2645,22032,19304,10238,9644,4304,3727,2339,1644,1444,938,305,144
2650,21907,19644,10259,9595,4248,3715,2349,1718,1466,945,321,146
2655,22057,19554,10147,9580,4192,3652,2365,1676,1449,997,333,134
2660,21967,19481,10195,9526,4308,3654,2317,1674,1430,962,333,142
2665,22096,19633,10320,9588,4211,3626,2329,1663,1483,935,333,146
2670,21974,19697,10184,9436,4318,3686,2328,1631,1445,920,332,154
2675,22169,19562,10151,9594,4247,3754,2374,1705,1453,959,341,135
2680,21878,19639,10075,9726,4250,3743,2365,1655,1449,973,319,147
2685,21974,19482,10165,9558,4415,3667,2385,1613,1475,934,303,157
2690,22086,19470,10204,9434,4182,3663,2284,1705,1466,948,320,127
2695,21966,19514,10150,9435,4297,3634,2335,1685,1444,929,324,142
2700,22137,19358,10103,9642,4311,3744,2392,1647,1482,944,316,143
2705,21863,19406,10333,9406,4335,3714,2286,1673,1471,918,342,155
2710,21962,19377,10105,9439,4294,3689,2402,1659,1463,949,337,137
2715,21848,19454,10298,9432,4340,3704,2319,1640,1449,959,333,137
2720,21918,19385,10093,9365,4275,3587,2350,1709,1476,928,313,148
2725,21980,19611,10224,9481,4308,3646,2334,1688,1440,943,333,138
2730,21939,19650,10056,9578,4259,3703,2346,1617,1459,936,318,151
2735,21822,19479,10132,9516,4248,3590,2366,1683,1466,890,325,142
2740,21770,19586,10201,9588,4256,3776,2354,1652,1460,1008,320,149
2745,21609,19229,10153,9528,4322,3706,2357,1699,1480,933,334,155
2750,21587,19218,9952,9630,4279,3738,2297,1674,1496,936,321,139
2755,21910,19526,10122,9381,4222,3720,2311,1624,1447,933,348,139
2760,21728,19310,10104,9453,4305,3764,2403,1678,1477,948,325,144
2765,21973,19448,10138,9410,4366,3669,2385,1689,1443,977,330,144
2770,21912,19520,9974,9371,4269,3620,2303,1650,1429,903,322,152
2775,21812,19528,10218,9579,4192,3687,2363,1645,1423,916,333,149
2780,22287,19254,10068,9489,4333,3706,2332,1675,1453,968,316,151
2785,21769,19541,10256,9404,4261,3641,2325,1628,1493,939,336,125
2790,21792,19506,10170,9525,4297,3685,2340,1616,1478,938,313,147
2795,21884,19436,10067,9500,4150,3770,2423,1676,1444,973,329,135
2800,21901,19479,10112,9379,4208,3705,2385,1640,1437,951,306,154
2805,21751,19294,10204,9458,4261,3614,2297,1665,1500,940,313,151
2810,21678,19349,10116,9483,4285,3679,2321,1614,1469,970,317,128
2815,21698,19273,10111,9422,4298,3651,2327,1683,1467,946,345,132
2820,21901,19483,10155,9391,4220,3609,2310,1621,1412,928,345,143
2825,21751,19140,9986,9312,4348,3679,2318,1677,1486,937,319,156
2830,21750,19455,10171,9402,4139,3705,2346,1618,1434,959,316,137
2835,21771,19392,10124,9385,4241,3635,2350,1660,1472,959,337,134
2840,21671,19083,10209,9307,4209,3601,2332,1687,1453,978,332,133
2845,21751,19463,10138,9492,4244,3579,2290,1651,1423,908,331,122
2850,21622,19351,10186,9398,4304,3650,2353,1649,1488,971,304,141
2855,21743,19386,10123,9507,4345,3648,2333,1675,1455,937,339,140
2860,21574,19207,10107,9512,4249,3662,2347,1674,1464,940,343,151
2865,21594,19433,10001,9335,4273,3765,2314,1634,1508,963,319,120
2870,21746,19225,10031,9509,4311,3621,2339,1658,1468,934,298,149
2875,21719,19436,9939,9420,4234,3657,2326,1635,1446,970,332,151
2880,21666,19380,10098,9437,4206,3718,2347,1672,1459,962,343,146
2885,21752,19359,9951,9429,4215,3668,2332,1599,1453,968,356,144
2890,21622,19271,10185,9328,4229,3700,2363,1664,1444,966,330,128
2895,21836,18847,9953,9380,4289,3683,2331,1646,1516,916,341,136
2900,21552,19330,10065,9398,4317,3667,2370,1691,1484,925,341,136
2905,21658,19400,9966,9587,4310,3699,2300,1612,1453,946,310,147
2910,21748,19193,10080,9345,4209,3666,2314,1656,1458,940,344,139
2915,21433,19236,10070,9441,4203,3642,2298,1665,1490,890,332,160
2920,21697,19095,10107,9555,4181,3635,2349,1644,1466,955,322,133
2925,21692,19274,10150,9364,4190,3683,2347,1684,1513,961,345,142
2930,21674,19147,9907,9343,4259,3709,2363,1668,1452,926,338,136
2935,21703,19301,10021,9303,4210,3665,2345,1656,1460,927,318,140
2940,21489,19122,10068,9445,4286,3655,2430,1629,1458,906,311,150
2945,21500,19270,10050,9409,4191,3641,2281,1663,1439,964,341,145
2950,21388,19110,9963,9322,4235,3556,2327,1655,1462,910,307,140
2955,21553,19081,10028,9368,4202,3583,2287,1656,1480,947,316,153
2960,21351,19122,10101,9306,4286,3639,2290,1647,1433,962,318,144
2965,21715,19097,9949,9426,4194,3695,2353,1637,1447,962,341,136
2970,21533,19322,10012,9460,4290,3656,2337,1682,1408,971,297,140
2975,21417,19041,9912,9265,4263,3717,2354,1671,1448,954,331,130
2980,21573,19326,10059,9474,4216,3689,2344,1671,1429,958,327,134
2985,21448,19148,9958,9242,4213,3583,2353,1637,1467,919,303,134
2990,21497,19150,10000,9325,4252,3618,2340,1591,1455,912,319,148
2995,21735,19159,10077,9503,4217,3639,2330,1642,1442,975,344,145
3000,21741,19334,9910,9374,4305,3689,2331,1605,1486,964,312,137
3005,21464,18864,10111,9255,4171,3702,2363,1627,1420,938,307,137
3010,21352,19206,10016,9176,4258,3646,2338,1640,1419,926,325,131
3015,21507,19099,9987,9358,4195,3645,2356,1598,1472,937,318,153
3020,21577,19025,9985,9305,4140,3617,2307,1578,1453,922,337,137
3025,21491,19058,9879,9366,4305,3665,2295,1613,1445,928,330,136
3030,21698,19172,9962,9379,4199,3684,2318,1633,1412,941,333,141
3035,21141,18967,10072,9276,4171,3623,2261,1648,1454,926,304,146
3040,21516,19009,10065,9300,4283,3702,2305,1703,1459,962,334,129
3045,21374,19154,10063,9514,4208,3673,2345,1649,1476,950,325,140
3050,21527,19265,9826,9388,4296,3602,2277,1655,1461,936,314,138
3055,21552,18745,9899,9339,4219,3646,2294,1631,1436,891,324,155
3060,21201,19131,9977,9270,4296,3658,2240,1659,1460,921,335,140
3065,21280,18952,9912,9272,4248,3707,2304,1604,1460,936,317,134
3070,21602,19158,9887,9308,4196,3597,2282,1582,1510,945,294,136
3075,21648,18991,9974,9329,4108,3606,2283,1616,1489,919,331,129
3080,21306,19163,9934,9340,4146,3667,2342,1627,1507,969,338,139
3085,21213,19037,9988,9336,4177,3616,2307,1611,1440,938,341,135
3090,21301,19004,9950,9311,4270,3676,2305,1645,1439,978,317,147
3095,21524,18608,10043,9438,4191,3700,2292,1640,1491,946,330,142
3100,21333,18899,10096,9264,4149,3564,2353,1658,1444,918,284,156
3105,21318,18822,9812,9217,4229,3636,2254,1650,1432,880,324,140
3110,21557,19113,9829,9202,4305,3612,2290,1556,1386,909,295,133
3115,21369,18856,9919,9427,4177,3589,2274,1583,1453,938,332,142
3120,21363,19074,10044,9238,4189,3738,2313,1580,1426,1003,295,136
3125,21369,19070,9936,9140,4156,3681,2310,1709,1448,908,319,139
3130,21367,19039,10073,9327,4157,3616,2356,1626,1452,926,303,168
3135,21269,18934,9872,9280,4227,3619,2259,1599,1446,926,323,134
3140,21347,18812,9850,9275,4294,3636,2310,1602,1417,943,310,143
3145,21143,19105,10028,9299,4206,3654,2250,1656,1409,937,337,151
3150,21269,19094,9975,9243,4204,3542,2388,1632,1456,909,340,137
3155,21668,18933,9917,9318,4120,3596,2305,1667,1450,923,317,134
3160,21411,19015,9831,9311,4194,3613,2347,1655,1420,927,316,122
3165,21338,18864,9790,9190,4206,3588,2278,1662,1493,910,345,147
3170,21047,18952,9977,9200,4199,3619,2309,1623,1423,925,342,140
3175,21015,18837,9752,9296,4301,3669,2289,1589,1417,954,330,140
3180,21304,18766,9977,9122,4295,3591,2324,1633,1410,941,327,141
3185,21289,18892,9875,9258,4233,3654,2286,1586,1461,936,315,151
3190,21514,19103,9885,9217,4221,3722,2298,1607,1474,931,323,139
3195,21328,18856,9795,9206,4232,3592,2294,1631,1460,901,330,141
3200,21318,19010,9747,9366,4187,3566,2304,1584,1455,905,318,149
3205,21252,19001,9817,9261,4189,3671,2337,1571,1449,929,324,132
3210,21169,18717,9794,9243,4121,3606,2297,1585,1397,915,310,139
3215,21019,18926,9886,9173,4164,3613,2292,1608,1425,887,317,150
3220,21177,18796,9702,9254,4226,3583,2318,1660,1443,966,320,130
3225,21579,18595,9915,9283,4232,3637,2284,1604,1418,927,345,138
3230,21068,18990,9891,9147,4061,3636,2283,1618,1391,920,317,160
3235,21296,18703,9811,9181,4170,3630,2308,1640,1437,966,339,139
3240,21435,18843,9761,9252,4189,3575,2293,1666,1447,915,308,139
3245,21393,18727,9803,9169,4220,3600,2274,1607,1461,931,342,152
3250,21574,18885,9729,9212,4235,3576,2283,1661,1444,951,335,134
3255,21267,18835,9971,9269,4197,3551,2315,1589,1416,901,327,138
3260,21181,18724,9994,9174,4154,3646,2309,1579,1395,897,317,138
3265,21263,18944,10035,9269,4141,3561,2284,1624,1454,959,336,141
3270,21177,18738,9868,9150,4225,3564,2361,1605,1406,892,316,141
3275,21219,18890,9900,9267,4219,3588,2282,1646,1441,938,328,142
3280,21374,19054,9784,9278,4225,3609,2340,1666,1418,929,297,139
3285,20996,18663,9861,9161,4211,3675,2335,1648,1425,969,316,138
3290,21204,18688,9866,9079,4049,3565,2276,1652,1449,964,311,142
3295,21098,18959,9804,9109,4205,3614,2287,1646,1473,934,307,122
3300,21258,18916,9735,9079,4152,3620,2304,1616,1453,942,349,146
3305,21189,18841,9831,9199,4082,3555,2273,1619,1423,925,323,136
3310,21181,18864,9872,9305,4161,3586,2295,1607,1402,956,329,110
3315,20987,18935,9801,9138,4124,3579,2290,1599,1397,916,325,150
3320,20951,18592,9857,9162,4128,3609,2298,1615,1462,950,311,147
3325,21346,18947,9793,9118,4097,3725,2244,1647,1410,898,331,144
3330,21276,18730,9801,9156,4217,3545,2338,1640,1452,912,316,150
3335,21188,18914,9798,9107,4159,3621,2193,1637,1413,916,333,126
3340,21151,18890,9763,9170,4184,3639,2310,1586,1490,934,300,143
3345,20920,18730,9853,9139,4190,3557,2257,1643,1388,969,337,144
3350,21035,18701,9975,9031,4152,3619,2318,1624,1466,904,312,129
3355,21076,18627,9909,9171,4162,3618,2317,1578,1419,923,310,150
3360,20996,18685,9827,9226,4142,3562,2355,1680,1418,952,328,142
3365,21008,18736,9613,9144,4128,3571,2290,1588,1431,944,321,130
3370,21057,18542,9785,9096,4191,3634,2235,1583,1457,940,306,148
3375,20938,18761,9743,9181,4225,3582,2291,1589,1376,923,328,128
3380,20890,18810,9915,9120,4203,3652,2286,1596,1419,893,317,121
3385,20965,18644,9816,9289,4206,3609,2260,1656,1431,945,326,149
3390,21045,18771,9876,9201,4151,3590,2227,1569,1443,917,322,131
3395,21379,18713,9805,9256,4085,3609,2332,1623,1392,898,334,128
3400,20957,18765,9824,9189,4222,3552,2268,1540,1452,936,327,149
3405,21066,18867,9727,9008,4227,3514,2271,1685,1441,913,310,139
3410,20719,18772,9711,9028,4153,3594,2249,1600,1423,955,310,137
3415,21076,18671,9632,9117,4134,3655,2262,1631,1467,917,327,143
3420,20895,18825,9721,9038,4239,3598,2306,1635,1407,908,321,119
3425,20840,18748,9725,9131,4152,3512,2267,1673,1435,945,305,130
3430,21047,18982,9626,9102,4174,3585,2294,1607,1408,918,328,129
3435,20895,18543,9727,9080,4123,3581,2249,1622,1393,962,315,134
3440,21085,18623,9690,9122,4074,3595,2300,1610,1393,924,339,150
3445,21023,18497,9706,9114,4166,3617,2302,1590,1438,938,316,154
3450,20912,18528,9669,9268,4132,3679,2257,1638,1388,908,328,146
3455,21042,18572,9733,9162,4170,3572,2208,1614,1447,932,324,145
3460,21028,18534,9750,9140,4165,3541,2296,1600,1416,927,323,115
3465,21023,18620,9729,9291,4175,3595,2310,1588,1405,906,321,140
3470,21006,18407,9695,9353,4159,3598,2315,1611,1389,950,322,151
3475,20963,18636,9712,9081,4140,3589,2310,1682,1439,897,316,158
3480,20896,18464,9745,8970,4128,3508,2271,1630,1381,949,297,140
3485,21004,18622,9710,9040,4041,3533,2257,1624,1426,942,336,135
3490,21061,18617,9754,9067,4089,3584,2244,1550,1435,899,314,146
3495,20781,18605,9709,9031,4084,3553,2251,1617,1412,929,298,150
3500,20765,18695,9636,9190,4188,3567,2282,1634,1423,912,297,138
3505,20855,18553,9769,9098,4156,3563,2309,1628,1394,936,323,135
3510,20742,18536,9823,9150,4108,3586,2240,1600,1474,951,314,129
3515,20786,18488,9544,9143,4040,3587,2268,1686,1423,941,313,158
3520,20790,18575,9514,9123,4157,3579,2349,1578,1414,934,309,140
3525,20851,18441,9759,9048,4168,3632,2284,1646,1407,947,302,136
3530,20981,18676,9599,9000,4139,3558,2317,1594,1352,897,328,138
3535,21142,18616,9636,8996,4099,3573,2309,1649,1423,898,321,129
3540,21019,18572,9590,9138,4173,3540,2272,1589,1414,926,277,136
3545,20742,18633,9714,9159,4112,3555,2223,1594,1383,956,312,144
3550,20932,18547,9590,9040,4070,3536,2295,1621,1340,912,322,133
3555,20585,18545,9638,8964,4113,3544,2296,1606,1352,937,293,134
3560,20699,18339,9676,8917,4107,3659,2290,1569,1429,901,326,142
3565,20612,18517,9669,8982,4073,3507,2276,1612,1402,931,294,154
3570,20941,18545,9796,9047,4102,3577,2258,1635,1396,937,332,129
3575,20881,18366,9561,8889,4035,3480,2270,1604,1355,938,318,138
3580,20563,18474,9670,8988,4097,3492,2290,1575,1426,944,294,146
3585,20834,18479,9653,9087,4080,3464,2289,1607,1431,928,320,137
3590,20777,18558,9618,8976,4133,3477,2230,1607,1466,899,339,146
3595,20637,18223,9542,9013,4181,3544,2304,1577,1447,920,303,130
3600,20653,18345,9700,9116,4072,3648,2284,1576,1393,906,301,124